﻿pos_x,pos_y,rotation,side,designator,mpn,pack,footprint,value,mount_type
26.036625,17.000001,0.0,top,C1, 06036C223KAT2A,0603 (1608 Metric),C_0603_1608Metric,220nF,smt
278.0192,11.0,-90.0,top,C10, 06036C223KAT2A,0603 (1608 Metric),C_0603_1608Metric,220nF,smt
279.5,16.725,90.0,top,C11, 06036C223KAT2A,0603 (1608 Metric),C_0603_1608Metric,220nF,smt
274.065,10.0,0.0,top,C12,06036C105MAT2A,0603 (1608 Metric),C_0603_1608Metric,1uF,smt
271.615,18.0,180.0,top,C13,MCASJ168BD7475KTCA01,0603 (1608 Metric),C_0603_1608Metric,4700nF,smt
271.065,10.0,180.0,top,C14,CL10B106MQ8NRNC,0603 (1608 Metric),C_0603_1608Metric,10uF,smt
105.536625,17.000001,0.0,top,C2, 06036C223KAT2A,0603 (1608 Metric),C_0603_1608Metric,220nF,smt
185.036625,17.250001,0.0,top,C3, 06036C223KAT2A,0603 (1608 Metric),C_0603_1608Metric,220nF,smt
264.525,17.0,0.0,top,C4, 06036C223KAT2A,0603 (1608 Metric),C_0603_1608Metric,220nF,smt
343.986625,17.000001,0.0,top,C5, 06036C223KAT2A,0603 (1608 Metric),C_0603_1608Metric,220nF,smt
423.486625,17.000001,0.0,top,C6, 06036C223KAT2A,0603 (1608 Metric),C_0603_1608Metric,220nF,smt
502.986625,16.500001,0.0,top,C7, 06036C223KAT2A,0603 (1608 Metric),C_0603_1608Metric,220nF,smt
582.486625,17.000001,0.0,top,C8, 06036C223KAT2A,0603 (1608 Metric),C_0603_1608Metric,220nF,smt
278.0192,14.275,90.0,top,C9, 06036C223KAT2A,0603 (1608 Metric),C_0603_1608Metric,220nF,smt
336.43881,15.5,-90.0,top,J1,TSW-110-14-L-D,"2x20 Pin Header, 2.54mm Pitch",PinHeader_2x20_P2.54mm_Vertical,GPIO_Conn_02x20_Odd_Even,tht
22.925,17.0,180.0,top,R1,CHP0603AFX-1000ELF,0603 (1608 Metric),R_0603_1608Metric,100,smt
275.325,6.5,180.0,top,R12,ESR03EZPJ220,0603 (1608 Metric),R_0603_1608Metric,22,smt
286.825,5.0,0.0,top,R13,ESR03EZPJ220,0603 (1608 Metric),R_0603_1608Metric,22,smt
285.5,13.175,90.0,top,R14,ESR03EZPJ220,0603 (1608 Metric),R_0603_1608Metric,22,smt
102.436625,17.000001,180.0,top,R2,CHP0603AFX-1000ELF,0603 (1608 Metric),R_0603_1608Metric,100,smt
181.936625,17.250001,180.0,top,R3,CHP0603AFX-1000ELF,0603 (1608 Metric),R_0603_1608Metric,100,smt
261.425,17.0,180.0,top,R4,CHP0603AFX-1000ELF,0603 (1608 Metric),R_0603_1608Metric,100,smt
340.936625,17.000001,180.0,top,R5,CHP0603AFX-1000ELF,0603 (1608 Metric),R_0603_1608Metric,100,smt
420.425,17.000001,180.0,top,R6,CHP0603AFX-1000ELF,0603 (1608 Metric),R_0603_1608Metric,100,smt
499.925,16.500001,180.0,top,R7,CHP0603AFX-1000ELF,0603 (1608 Metric),R_0603_1608Metric,100,smt
579.436625,17.000001,180.0,top,R8,CHP0603AFX-1000ELF,0603 (1608 Metric),R_0603_1608Metric,100,smt
276.4692,13.675,-90.0,top,R9,RNCE0603BTE10K0,0603 (1608 Metric),R_0603_1608Metric,10000,smt
25.75,13.5,0.0,top,U1,IM73D122V01XTMA1,LGA-5,IM73D122V01,IM73D122V01,smt
272.5,14.0,-90.0,top,U10,TPS7A4700RGWT,VQFN-20,RGW0020A-IPC_A,TPS7A4700RGWT,smt
281.1638,12.75,90.0,top,U2,ADAU7118ACPZRL,LFCSP-16,LFCSP-16,ADAU7118,smt
105.25,13.5,0.0,top,U3,IM73D122V01XTMA1,LGA-5,IM73D122V01,IM73D122V01,smt
184.75,13.75,0.0,top,U4,IM73D122V01XTMA1,LGA-5,IM73D122V01,IM73D122V01,smt
264.25,13.5,0.0,top,U5,IM73D122V01XTMA1,LGA-5,IM73D122V01,IM73D122V01,smt
343.75,13.5,0.0,top,U6,IM73D122V01XTMA1,LGA-5,IM73D122V01,IM73D122V01,smt
423.25,13.5,0.0,top,U7,IM73D122V01XTMA1,LGA-5,IM73D122V01,IM73D122V01,smt
502.75,13.0,0.0,top,U8,IM73D122V01XTMA1,LGA-5,IM73D122V01,IM73D122V01,smt
582.25,13.5,0.0,top,U9,IM73D122V01XTMA1,LGA-5,IM73D122V01,IM73D122V01,smt
