﻿Designator,Quantity,Value,Footprint,Package,MPN,DNP,Mount_Type,Description,LCSC,Manufacturer,Description_1,MP
"C1, C10, C11, C2, C3, C4, C5, C6, C7, C8, C9",11,220nF,C_0603_1608Metric,0603 (1608 Metric), 06036C223KAT2A,,smt,"Unpolarized capacitor, small symbol",C106250,,,
C12,1,1uF,C_0603_1608Metric,0603 (1608 Metric),06036C105MAT2A,,smt,"Unpolarized capacitor, small symbol",C105524,,,
C13,1,4700nF,C_0603_1608Metric,0603 (1608 Metric),MCASJ168BD7475KTCA01,,smt,"Unpolarized capacitor, small symbol",C107368,,,
C14,1,10uF,C_0603_1608Metric,0603 (1608 Metric),CL10B106MQ8NRNC,,smt,"Unpolarized capacitor, small symbol",C3039698,,,
J1,1,GPIO_Conn_02x20_Odd_Even,PinHeader_2x20_P2.54mm_Vertical,"2x20 Pin Header, 2.54mm Pitch",TSW-110-14-L-D,Yes,tht,"Generic connector, double row, 02x20, odd/even pin numbering scheme (row 1 odd numbers, row 2 even numbers), script generated (kicad-library-utils/schlib/autogen/connector/)",C5224014,Samtec,,
"R1, R2, R3, R4, R5, R6, R7, R8",8,100,R_0603_1608Metric,0603 (1608 Metric),CHP0603AFX-1000ELF,,smt,Resistor,C22775,,,
"R12, R13, R14",3,22,R_0603_1608Metric,0603 (1608 Metric),ESR03EZPJ220,,smt,Resistor,C23345,,,
R9,1,10000,R_0603_1608Metric,0603 (1608 Metric),RNCE0603BTE10K0,,smt,Resistor,C25804,,,
"U1, U3, U4, U5, U6, U7, U8, U9",8,IM73D122V01,IM73D122V01,LGA-5,IM73D122V01XTMA1,,smt,,C5563886,Infineon Technologies,,
U10,1,TPS7A4700RGWT,RGW0020A-IPC_A,VQFN-20,TPS7A4700RGWT,,smt,,C28286,Texas Instruments,,
U2,1,ADAU7118,LFCSP-16,LFCSP-16,ADAU7118ACPZRL,,smt,,C654437,Analog Devices,PDM to I2S/TDM Converter 192ksps 24bit 16-Pin LFCSP EP T/R,ADAU7118
